ma_m,mon,cot_so,size_1,size_2,gia,sl_goc,sl_a,sl_b,ma_kiot,ghi_chu_so
M01,Áo,110 (1-2 / 2-4),1-2y,2-4y,390000,14,14,0,,Tab "M01 áo thun xám + quần da beo"; quần ghi giấy (không có trong sổ)
M01,Áo,120 (4-6),4-6y,,390000,22,22,0,,
M01,Áo,130 (6-8),6-8y,,390000,22,22,0,,
M01,Áo,140 (8-10),8-10y,,390000,29,29,0,,
M01,Áo,150 (10-12),10-12y,,390000,29,29,0,,
M01,Áo,160 XS,XS,,490000,22,22,0,,
M01,Áo,170 S,S,,490000,22,22,0,,
M02,Quần vàng,1-2,1-2y,,290000,6+2,6,2,,Tab "M02 quần short vàng krb" — quần sale 290
M02,Quần vàng,2-4,2-4y,,290000,4+1,4,1,,
M02,Quần vàng,6-8,6-8y,,290000,0+3,0,3,,
M03,Boot,26,26,,890000,1,1,0,,Không có size 28 trong sổ
M03,Boot,27,27,,890000,3,3,0,,
M03,Boot,29,29,,890000,5,5,0,,
M03,Boot,30,30,,890000,5,5,0,,
M03,Boot,31,31,,890000,4,4,0,,
M03,Boot,32,32,,890000,4,4,0,,
M03,Boot,33,33,,890000,6,6,0,,
M03,Boot,34,34,,890000,6,6,0,,
M03,Boot,35,35,,890000,3,3,0,,
M03,Boot,36,36,,890000,3,3,0,,
M03,Boot,37,37,,890000,5,5,0,,
M04,Váy hoa nâu,1-2,1-2y,,950000,50,50,0,,Tab "M04 váy Tru nâu"
M04,Váy hoa nâu,2-4,2-4y,,950000,41,41,0,,
M04,Váy hoa nâu,4-6,4-6y,,950000,44,44,0,,
M04,Váy hoa nâu,6-8,6-8y,,950000,22,22,0,,
M04,Váy hoa nâu,8-10,8-10y,,950000,7 (CÒN VỀ THÊM),7,0,,Sổ ghi "còn về thêm"
M04,Váy hoa nâu,10-12,10-12y,,950000,9,9,0,,
M04,Váy hoa nâu,12-14,12-14y,,950000,10,10,0,,
M05,Giày nâu,27,27,,790000,1+1,1,1,,Không có size 29 trong sổ
M05,Giày nâu,28,28,,790000,3,3,0,,
M05,Giày nâu,30,30,,790000,2+3,2,3,,
M05,Giày nâu,31,31,,790000,0+2,0,2,,
M05,Giày nâu,32,32,,790000,1+1,1,1,,
M05,Giày nâu,33,33,,790000,11+1,11,1,,
M05,Giày nâu,34,34,,790000,8+1,8,1,,
M05,Giày nâu,35,35,,790000,7+2,7,2,,
M05,Giày nâu,36,36,,790000,8+2,8,2,,
M05,Giày nâu,37,37,,790000,8+1,8,1,,
M06,Áo ghi lê,110 (4-6),4-6y,,690000,9,9,0,T6K08TT019904,Tab "M06 set áo ghi lê be + áo sơmi jean xanh + cváy nâu"
M06,Áo ghi lê,120 (6-8),6-8y,,690000,15,15,0,T6K08TT019904,
M06,Áo ghi lê,130 (8-10),8-10y,,690000,21,21,0,T6K08TT019904,
M06,Áo ghi lê,140 (10-12),10-12y,,690000,30,30,0,T6K08TT019904,
M06,Áo ghi lê,150 XS,XS,,790000,50,50,0,T6K08TT019904,
M06,Áo ghi lê,160 S,S,,790000,30,30,0,T6K08TT019904,
M06,Áo ghi lê,165 M,M,,790000,1,1,0,T6K08TT019904,
M07,Set pyjama hoa,4-6,4-6y,,590000,7,7,0,,Tab "M07 Pjm hoa hồng"
M07,Set pyjama hoa,6-8,6-8y,,590000,3,3,0,,
M07,Set pyjama hoa,8-10,8-10y,,590000,10 + 1 đổi về,10,1,,Sổ: +1 khách đổi về
M07,Set pyjama hoa,10-12,10-12y,,590000,5,5,0,,
M07,Set pyjama hoa,12-14,12-14y,,790000,7,7,0,,
M07,Set pyjama hoa,S,S,,790000,35 + 1 đổi về,35,1,,Sổ: +1 khách đổi về
M07,Set pyjama hoa,M,M,,790000,34,34,0,,
M08,Áo mèo,100 (1-2 / 2-4),1-2y,2-4y,490000,6,6,0,T6K02TT019909,Tab "M08 áo thun trắng mèo nâu + chân váy xám"
M08,Áo mèo,110 (4-6),4-6y,,490000,12,12,0,T6K02TT019909,
M08,Áo mèo,120 (6-8 hoặc 4-6),6-8y,,490000,29,29,0,T6K02TT019909,Sổ ghi "6-8 (hoặc 4-6)"
M08,Áo mèo,130 (8-10),8-10y,,490000,35,35,0,T6K02TT019909,
M08,Áo mèo,140 (10-12),10-12y,,490000,35,35,0,T6K02TT019909,
M08,Áo mèo,150 (12-14),12-14y,,490000,35,35,0,T6K02TT019909,
M08,Áo mèo,160 XS,XS,,590000,29,29,0,T6K02TT019909,
M08,Áo mèo,170 S,S,,590000,35,35,0,T6K02TT019909,
M09,Túi,Freesize,Freesize,,1590000,6,6,0,,Tab "M09 Túi xách nâu da lộn 1590k"
M10,Áo ghi lê,90 (1-2),1-2y,,690000,3,3,0,C6K09TT019901,Tab "M10 áo len ghi lê trắng + áo gn + chân váy đen dài viền trắng"
M10,Áo ghi lê,100 (2-4),2-4y,,690000,5,5,0,C6K09TT019901,
M10,Áo ghi lê,110 (4-6),4-6y,,690000,6,6,0,C6K09TT019901,
M10,Áo ghi lê,120 (6-8),6-8y,,690000,8,8,0,C6K09TT019901,
M10,Áo ghi lê,130 (8-10),8-10y,,690000,8,8,0,C6K09TT019901,
M10,Áo ghi lê,140 (10-12),10-12y,,690000,8,8,0,C6K09TT019901,
M10,Áo ghi lê,150 XS,XS,,790000,15,15,0,C6K09TT019901,
M10,Áo ghi lê,160 S,S,,790000,30,30,0,C6K09TT019901,
M11,Váy,100 (1-2),1-2y,,890000,2,2,0,T6K01DD019901,Tab "M11 Váy xám công sở + tất ren trắng + áo ghi lê bông xanh"
M11,Váy,110 (2-4),2-4y,,890000,4,4,0,T6K01DD019901,
M11,Váy,120 (4-6),4-6y,,890000,4,4,0,T6K01DD019901,
M11,Váy,130 (6-8),6-8y,,890000,4,4,0,T6K01DD019901,
M11,Váy,140 (8-10),8-10y,,890000,4,4,0,T6K01DD019901,
M11,Váy,150 (10-12),10-12y,,890000,4,4,0,T6K01DD019901,
M11,Váy,160 (12-14),12-14y,,890000,2,2,0,T6K01DD019901,
M12,Áo khoác,120 (4-6),4-6y,,890000,1+3,1,3,,Tab "M12 áo khoác kaki be" — sale 890
M12,Áo khoác,140 (8-10),8-10y,,890000,0+5,0,5,,
M13,Áo sơ mi,90 (1-2),1-2y,,690000,3,3,0,C6K01TT019904,Tab "M13 áo sơmi ren trắng" — sổ và bảng giá chỉ có áo
M13,Áo sơ mi,100 (2-4),2-4y,,690000,6,6,0,C6K01TT019904,
M13,Áo sơ mi,110 (4-6),4-6y,,690000,6,6,0,C6K01TT019904,
M13,Áo sơ mi,120 (6-8),6-8y,,690000,6,6,0,C6K01TT019904,
M13,Áo sơ mi,130 (8-10),8-10y,,690000,6,6,0,C6K01TT019904,
M13,Áo sơ mi,140 (10-12),10-12y,,690000,6,6,0,C6K01TT019904,
M13,Áo sơ mi,150 XS,XS,,750000,6,6,0,C6K01TT019904,
M13,Áo sơ mi,160 S,S,,750000,10,10,0,C6K01TT019904,
M14,Áo xám,110 (4-6),4-6y,,590000,6,6,0,T6K02TT019902,Tab "M14 ÁO XÁM CHÓ TAY KẺ ĐỎ"; sổ: size bằng áo M13 live cũ
M14,Áo xám,120 (6-8),6-8y,,590000,8,8,0,T6K02TT019902,
M14,Áo xám,130 (8-10),8-10y,,590000,10,10,0,T6K02TT019902,
M14,Áo xám,140 (10-12),10-12y,,590000,10,10,0,T6K02TT019902,
M14,Áo xám,150 XS,XS,,690000,18,18,0,T6K02TT019902,
M14,Áo xám,160 S hoặc M,S,,690000,15,15,0,T6K02TT019902,Sổ ghi "S hoặc M"
M14,Áo xám,165 M,M,,690000,1,1,0,T6K02TT019902,
M15,Áo khoác,100 (2-4),2-4y,,990000,1,1,0,,Tab "M15 ÁO KHOÁC CỔ KẺ NÂU"
M15,Áo khoác,110 (4-6),4-6y,,990000,5+1,5,1,,
M15,Áo khoác,120 (6-8),6-8y,,990000,1,1,0,,
M15,Áo khoác,130 (8-10),8-10y,,990000,5+1,5,1,,
M15,Áo khoác,140 (10-12),10-12y,,990000,3+1,3,1,,
M15,Áo khoác,150 (12-14),12-14y,,1090000,3+1,3,1,,
M15,Áo khoác,160 XS & S,XS,S,1090000,30+1,30,1,,Sổ gộp XS và S một cột
M15,Áo khoác,165 M,M,,1090000,13+1,13,1,,
M16,Áo sơ mi,110 (4-6),4-6y,,790000,1,1,0,,Tab "M16 SET KẺ XANH 5M" — sổ chỉ ghi áo
M16,Áo sơ mi,120 (6-8),6-8y,,790000,1,1,0,,
M16,Áo sơ mi,130 (8-10),8-10y,,790000,2,2,0,,
M16,Áo sơ mi,140 (10-12),10-12y,,790000,3,3,0,,
M16,Áo sơ mi,150 XS,XS,,890000,8,8,0,,
M16,Áo sơ mi,160 S,S,,890000,4,4,0,,
M17,Áo nâu,130 (8-10),8-10y,,520000,1,1,0,,Tab "M17 set áo nâu + quần jean xanh túi kẻ nâu"
M17,Áo nâu,140 (10-12),10-12y,,520000,5,5,0,,
M17,Áo nâu,150 (12-14),12-14y,,520000,9,9,0,,
M17,Áo nâu,160 XS,XS,,620000,4,4,0,,
M17,Áo nâu,165 S,S,,620000,13,13,0,,
M18,Áo,110 (4-6),4-6y,,790000,10,10,0,,Tab "M18 áo gió be + áo khoác hồng"
M18,Áo,120 (6-8),6-8y,,790000,10,10,0,,
M18,Áo,130 (8-10),8-10y,,790000,10,10,0,,
M18,Áo,140 (10-12),10-12y,,790000,8,8,0,,
M18,Áo,150 XS,XS,,890000,4,4,0,,
M18,Áo,160 S,S,,890000,5,5,0,,
M19,Quần loe hồng (sale),90 (1-2),1-2y,,390000,1,1,0,,Tab "M19 quần loe hồng"
M19,Quần loe hồng (sale),110 (4-6),4-6y,,390000,1,1,0,,
M19,Quần loe hồng (sale),150 (12-14),12-14y,,390000,1,1,0,,
M20,Quần,90 (1-2),1-2y,,590000,3,3,0,,Tab "M20 quần jean xanh kèm yếm" — sale 590
M20,Quần,100 (2-4),2-4y,,590000,5,5,0,,
M20,Quần,110 (4-6),4-6y,,590000,4,4,0,,
M21,Set gấu nâu,1-2,1-2y,,490000,7,7,0,,Tab "M21 set áo gấu nâu + quần kẻ xanh"
M21,Set gấu nâu,2-4,2-4y,,490000,4,4,0,,
M21,Set gấu nâu,4-6,4-6y,,490000,24,24,0,,
M21,Set gấu nâu,6-8,6-8y,,490000,27+1 đổi,27,1,,Sổ: +1 đổi
M21,Set gấu nâu,8-10,8-10y,,490000,19,19,0,,
M21,Set gấu nâu,10-12,10-12y,,490000,21,21,0,,
M21,Set gấu nâu,12-14,12-14y,,590000,24,24,0,,
M21,Set gấu nâu,S,S,,590000,62,62,0,,
M21,Set gấu nâu,M,M,,590000,18,18,0,,
M22,Set 2 quần chip,100 (2-3),2-3y,,250000,1,1,0,,Tab "M22 + M23 set chip" — sale 250
M22,Set 2 quần chip,110 (3-4),3-4y,,250000,3,3,0,,
M22,Set 2 quần chip,120 (4-6),4-6y,,250000,7,7,0,,
M22,Set 2 quần chip,130 (6-8),6-8y,,250000,13,13,0,,
M24,Áo,100 (1-2),1-2y,,390000,3+1,3,1,,Tab "M24 áo khoác nâu da lộn" — sale 390-490
M24,Áo,110 (2-3),2-3y,,390000,3,3,0,,
M24,Áo,120 (3-4),3-4y,,390000,6+1,6,1,,
M24,Áo,130 (4-6),4-6y,,390000,8,8,0,,
M24,Áo,140 (6-8),6-8y,,390000,8,8,0,,
M24,Áo,150 (8-10),8-10y,,390000,7+1,7,1,,
M24,Áo,160 (10-12),10-12y,,490000,6,6,0,,
M24,Áo,170 (12-14),12-14y,,490000,3,3,0,,
M25,Váy,100 (1-2),1-2y,,850000,5,5,0,,Tab "M25 váy hoa gấm đỏ" — sale 850
M25,Váy,110 (2-4),2-4y,,850000,2,2,0,,
M25,Váy,120 (4-6),4-6y,,850000,5+3,5,3,,
M25,Váy,130 (6-8),6-8y,,850000,6+3,6,3,,
M25,Váy,140 (8-10),8-10y,,850000,1,1,0,,
M25,Váy,150 (10-12),10-12y,,850000,4+2,4,2,,
M26,Áo jean,90 (1-2),1-2y,,690000,3+1,3,1,,Tab "M26 áo khoác jean xanh + M27 áo len đỏ" — sổ M26 chỉ có áo
M26,Áo jean,100 (2-4),2-4y,,690000,0+1,0,1,,
M26,Áo jean,110 (4-6),4-6y,,690000,1+2,1,2,,
M28,Áo nâu,90 (1-2),1-2y,,490000,6,6,0,,Tab "M28 áo nhung nâu + chân váy kaki nâu"
M28,Áo nâu,100 (2-4),2-4y,,490000,4,4,0,,
M28,Áo nâu,110 (4-6),4-6y,,490000,1,1,0,,
M28,Áo nâu,120 (6-8),6-8y,,490000,3,3,0,,
M28,Áo nâu,130 (8-10),8-10y,,490000,9,9,0,,
M28,Áo nâu,140 (10-12),10-12y,,490000,11,11,0,,
M28,Áo nâu,150 XS,XS,,590000,1,1,0,,
M28,Áo nâu,160 S,S,,590000,13,13,0,,
M29,Váy,90 (1-2),1-2y,,990000,6,6,0,,Tab "M29 váy công chúa ba lỗ mới"
M29,Váy,100 (2-3),2-3y,,990000,8,8,0,,
M29,Váy,110 (3-4),3-4y,,990000,8,8,0,,
M29,Váy,120 (4-6),4-6y,,990000,8,8,0,,
M29,Váy,130 (6-8),6-8y,,990000,9,9,0,,
M29,Váy,140 (8-10),8-10y,,990000,8,8,0,,
M29,Váy,150 (10-12),10-12y,,990000,6,6,0,,
M29,Váy,160 (12-14),12-14y,,990000,2,2,0,,
M30,Quần,90 (1-2),1-2y,,490000,2,2,0,,Tab "M30 quần loe xám"
M30,Quần,100 (2-4),2-4y,,490000,2,2,0,,
M30,Quần,110 (4-6),4-6y,,490000,1,1,0,,
M30,Quần,120 (6-8),6-8y,,490000,2,2,0,,
M30,Quần,150 (12-14),12-14y,,490000,3,3,0,,
